flavor,Apple,Banana,Coffee,Doughnut,churned
Apple,0.09248719408081958,0.12407512805919181,0.10301650540694365,0.056915196357427436,0.6235059760956175
Banana,0.10009057971014493,0.14492753623188406,0.13179347826086957,0.07246376811594203,0.5507246376811594
Coffee,0.10156632403328439,0.14635340186000978,0.1245717082721488,0.09985315712187959,0.5276554087126775
Doughnut,0.06336511842509997,0.10058443555828976,0.1131959397108582,0.09843125192248539,0.6244232543832667
